x coord,y coord,quality,x mm,y mm,x%,y%,image_name,plate
231.0,123.0,1.0,-22.063484775253745,19.520589656839054,-0.3719714199655019,0.4753583259914539,2023-03-22_09-00-46_8bit.png,1
551.0,376.0,0.9375,23.76864024488481,-16.715434187207993,0.40071887793787087,-0.4070481964497259,2023-03-22_09-00-46_8bit.png,1
374.0,325.0,0.90625,-1.5822539068793298,-9.41093926212341,-0.026675443089932225,-0.2291717828351007,2023-03-22_09-00-46_8bit.png,1
346.0,321.0,0.90625,-5.592564846141454,-8.838037699371677,-0.09428584415647735,-0.21522069157120852,2023-03-22_09-00-46_8bit.png,1
115.0,476.0,0.90625,-38.67763009505397,-31.03797325600129,-0.6520716529554745,-0.7558254780470302,2023-03-22_09-00-46_8bit.png,1
374.0,115.0,0.8750000000000004,-1.5822539068793298,20.666392782342516,-0.026675443089932225,0.5032605085192382,2023-03-22_09-00-46_8bit.png,1
524.0,500.0,0.875,19.90155469631062,-34.47538263251168,0.3355231340522738,-0.8395320256303831,2023-03-22_09-00-46_8bit.png,1
443.0,299.0,0.875,8.300298050588045,-5.687079104237151,0.1399359023954825,-0.13848968961980157,2023-03-22_09-00-46_8bit.png,1
393.0,342.0,0.875,1.139028516191397,-11.84577090381827,0.019203043348080536,-0.2884639207066424,2023-03-22_09-00-46_8bit.png,1
330.0,207.0,0.875,-7.884171097148382,7.489656839052683,-0.132920359051646,0.18238540944971834,2023-03-22_09-00-46_8bit.png,1
321.0,187.0,0.875,-9.17319961333978,10.354164652811344,-0.15465227368017836,0.2521408657691792,2023-03-22_09-00-46_8bit.png,1
247.0,391.0,0.875,-19.77187852424682,-18.863815047526987,-0.3333369050703333,-0.4593647886893215,2023-03-22_09-00-46_8bit.png,1
238.0,504.0,0.875,-21.060907040438213,-35.04828419526341,-0.3550688196988656,-0.8534831168942753,2023-03-22_09-00-46_8bit.png,1
83.0,255.0,0.875,-43.26084259706783,0.6148380860318995,-0.7293406827458119,0.014972314283012286,2023-03-22_09-00-46_8bit.png,1
29.0,86.0,0.875,-50.99501369421621,24.819929112292574,-0.859732170517006,0.6044059201824564,2023-03-22_09-00-46_8bit.png,1
505.0,64.0,0.84375,17.180272273239893,27.9708877074271,0.28964464761426106,0.6811369221338635,2023-03-22_09-00-46_8bit.png,1
380.0,275.0,0.84375,-0.722901562751732,-2.2496697277267605,-0.012187500004243986,-0.05478314203644857,2023-03-22_09-00-46_8bit.png,1
280.0,170.0,0.84375,-15.04544063154503,12.788996294506203,-0.253653218099048,0.3114330036407209,2023-03-22_09-00-46_8bit.png,1
276.0,214.0,0.84375,-15.618342194296764,6.487079104237152,-0.26331184682284015,0.15797099973790704,2023-03-22_09-00-46_8bit.png,1
275.0,491.0,0.84375,-15.761567584984697,-33.18635411632029,-0.2657265040037882,-0.8081420702866259,2023-03-22_09-00-46_8bit.png,1
240.0,238.0,0.84375,-20.774456259062347,3.0496697277267604,-0.3502395053369695,0.07426445215455402,2023-03-22_09-00-46_8bit.png,1
615.0,327.0,0.8250000000000004,32.93506524891252,-9.697390043499276,0.5552569375185454,-0.23614732846704678,2023-03-22_09-00-46_8bit.png,1
681.0,504.0,0.8125,42.3879410343161,-35.04828419526341,0.714624311461116,-0.8534831168942753,2023-03-22_09-00-46_8bit.png,1
589.0,500.0,0.8125,29.211205091026265,-34.47538263251168,0.49247585081389644,-0.8395320256303831,2023-03-22_09-00-46_8bit.png,1
484.0,249.0,0.8125,14.172539068793299,1.4741904301594975,0.23893684681435218,0.035898951178850544,2023-03-22_09-00-46_8bit.png,1
424.0,269.0,0.8125,5.579015627517319,-1.3903173835991622,0.09405741595746976,-0.03385650514061031,2023-03-22_09-00-46_8bit.png,1
419.0,29.0,0.8125,4.862888674077654,32.983776381504754,0.08198413005272956,0.8032089706929199,2023-03-22_09-00-46_8bit.png,1
393.0,301.0,0.8125,1.139028516191397,-5.973529885613018,0.019203043348080536,-0.14546523525174768,2023-03-22_09-00-46_8bit.png,1
390.0,386.0,0.8125,0.7093523441275978,-18.14768809408732,0.011959071805236414,-0.4419259246094563,2023-03-22_09-00-46_8bit.png,1
380.0,253.0,0.8125,-0.722901562751732,0.9012888674077655,-0.012187500004243986,0.021947859914958373,2023-03-22_09-00-46_8bit.png,1
253.0,291.0,0.8125,-18.91252618011922,-4.541275978733688,-0.318848961984645,-0.11058750709201724,2023-03-22_09-00-46_8bit.png,1
89.0,460.0,0.8125,-42.40149025294023,-28.746367004994365,-0.7148527396601235,-0.7000211129914615,2023-03-22_09-00-46_8bit.png,1
562.0,457.0,0.8000000000000004,25.344119542452074,-28.316690832930565,0.4272801069282993,-0.6895577945435424,2023-03-22_09-00-46_8bit.png,1
430.0,324.0,0.78125,6.438367971644917,-9.267713871435475,0.10854535904315801,-0.22568401001912763,2023-03-22_09-00-46_8bit.png,1
430.0,149.0,0.78125,6.438367971644917,15.796729498952796,0.10854535904315801,0.3846762327761548,2023-03-22_09-00-46_8bit.png,1
354.0,89.0,0.78125,-4.44676172063799,24.390252940228773,-0.07496858670889303,0.5939426017345373,2023-03-22_09-00-46_8bit.png,1
322.0,312.0,0.78125,-9.029974222651845,-7.549009183180281,-0.1522376164992303,-0.18383073622745114,2023-03-22_09-00-46_8bit.png,1
230.0,369.0,0.78125,-22.20671016594168,-15.71285645239246,-0.37438607714644995,-0.38263378673791454,2023-03-22_09-00-46_8bit.png,1
176.0,420.0,0.78125,-29.94088126309006,-23.017351377477045,-0.5047775649176441,-0.5605102003525397,2023-03-22_09-00-46_8bit.png,1
155.0,259.0,0.78125,-32.94861446753665,0.04193652328016756,-0.5554853657175529,0.001021223019120116,2023-03-22_09-00-46_8bit.png,1
146.0,229.0,0.78125,-34.23764298372805,4.338698243918158,-0.5772172803460853,0.10565440749831141,2023-03-22_09-00-46_8bit.png,1
91.0,117.0,0.78125,-42.115039471564366,20.37994200096665,-0.7100234252982276,0.4962849628872921,2023-03-22_09-00-46_8bit.png,1
673.0,175.0,0.7708333333333336,41.24213790881264,12.07286934106654,0.6953070540135318,0.29399413956085574,2023-03-22_09-00-46_8bit.png,1
745.0,188.0,0.7500000000000003,51.55436603834381,10.21093926212341,0.8691623710417906,0.24865309295320617,2023-03-22_09-00-46_8bit.png,1
652.0,176.0,0.75,38.23440470436604,11.929643950378606,0.6445992532136229,0.29050636674488267,2023-03-22_09-00-46_8bit.png,1
572.0,262.0,0.75,26.776373449331402,-0.38773964878363143,0.4514266787377797,-0.009442095428799013,2023-03-22_09-00-46_8bit.png,1
545.0,305.0,0.75,22.909287900757214,-6.54643144836475,0.3862309348521827,-0.15941632651563983,2023-03-22_09-00-46_8bit.png,1
529.0,401.0,0.75,20.617681649750285,-20.29606895440632,0.347596419957014,-0.494242516849052,2023-03-22_09-00-46_8bit.png,1
461.0,253.0,0.75,10.87835508297084,0.9012888674077655,0.18339973165254725,0.021947859914958373,2023-03-22_09-00-46_8bit.png,1
407.0,367.0,0.75,3.1441839858224587,-15.426405671016594,0.0530082438813531,-0.37565824110596846,2023-03-22_09-00-46_8bit.png,1
390.0,252.0,0.75,0.7093523441275978,1.0445142580956985,0.011959071805236414,0.025435632730931416,2023-03-22_09-00-46_8bit.png,1
343.0,62.0,0.75,-6.022241018205253,28.257338488802965,-0.10152981569932147,0.6881124677658095,2023-03-22_09-00-46_8bit.png,1
339.0,156.0,0.75,-6.595142580956985,14.794151764137265,-0.11118844442311362,0.3602618230643435,2023-03-22_09-00-46_8bit.png,1
336.0,462.0,0.75,-7.024818753020783,-29.03281778637023,-0.11843241596595774,-0.7069966586234075,2023-03-22_09-00-46_8bit.png,1
332.0,345.0,0.75,-7.5977203157725155,-12.275447075882068,-0.1280910446897499,-0.29892723915456154,2023-03-22_09-00-46_8bit.png,1
328.0,69.0,0.75,-8.170621878524248,27.254760753987433,-0.13774967341354208,0.6636980580539982,2023-03-22_09-00-46_8bit.png,1
326.0,162.0,0.75,-8.457072659900113,13.934799420009668,-0.14257898777543815,0.3393351861685053,2023-03-22_09-00-46_8bit.png,1
283.0,408.0,0.75,-14.615764459481232,-21.298646689221847,-0.24640924655620386,-0.5186569265608633,2023-03-22_09-00-46_8bit.png,1
264.0,11.0,0.75,-17.337046882551956,35.56183341388755,-0.29228773299421656,0.8659888813804347,2023-03-22_09-00-46_8bit.png,1
215.0,403.0,0.75,-24.355091026260673,-20.582519735782185,-0.41060593486067054,-0.5012180624809981,2023-03-22_09-00-46_8bit.png,1
202.0,473.0,0.75,-26.217021105203802,-30.608297083937494,-0.4419964782129951,-0.745362159599111,2023-03-22_09-00-46_8bit.png,1
201.0,402.0,0.75,-26.360246495891737,-20.43929434509425,-0.44441113539394317,-0.49773028966502497,2023-03-22_09-00-46_8bit.png,1
84.0,84.0,0.75,-43.1176172063799,25.10637989366844,-0.7269260255648639,0.6113814658144026,2023-03-22_09-00-46_8bit.png,1
78.0,65.0,0.75,-43.97696955050749,27.827662316739165,-0.741413968650552,0.6776491493178903,2023-03-22_09-00-46_8bit.png,1
71.0,207.0,0.75,-44.97954728532302,7.489656839052683,-0.7583165689171883,0.18238540944971834,2023-03-22_09-00-46_8bit.png,1
556.0,151.0,0.71875,24.484767198324477,15.51027871757693,0.4127921638426111,0.37770068714420874,2023-03-22_09-00-46_8bit.png,1
547.0,319.0,0.71875,23.19573868213308,-8.551586917995811,0.3910602492140787,-0.20824514593926244,2023-03-22_09-00-46_8bit.png,1
544.0,273.0,0.71875,22.76606251006928,-1.9632189463508944,0.3838162776712346,-0.04780759640450249,2023-03-22_09-00-46_8bit.png,1
441.0,366.0,0.71875,8.01384726921218,-15.283180280328661,0.13510658803358644,-0.37217046828999545,2023-03-22_09-00-46_8bit.png,1
441.0,151.0,0.71875,8.01384726921218,15.51027871757693,0.13510658803358644,0.37770068714420874,2023-03-22_09-00-46_8bit.png,1
425.0,384.0,0.71875,5.722241018205252,-17.861237312711456,0.09647207313841781,-0.4349503789775102,2023-03-22_09-00-46_8bit.png,1
421.0,203.0,0.71875,5.149339455453521,8.062558401804415,0.08681344441462566,0.1963365007136105,2023-03-22_09-00-46_8bit.png,1
419.0,63.0,0.71875,4.862888674077654,28.11411309811503,0.08198413005272956,0.6846246949498364,2023-03-22_09-00-46_8bit.png,1
399.0,457.0,0.71875,1.9983808603189948,-28.316690832930565,0.03369098643376878,-0.6895577945435424,2023-03-22_09-00-46_8bit.png,1
396.0,147.0,0.71875,1.5687046882551958,16.083180280328662,0.026447014890924655,0.3916517784081009,2023-03-22_09-00-46_8bit.png,1
357.0,429.0,0.71875,-4.017085548574191,-24.306379893668442,-0.06772461516604891,-0.5919001556962972,2023-03-22_09-00-46_8bit.png,1
350.0,230.0,0.71875,-5.019663283389722,4.195472853230224,-0.08462721543268518,0.10216663468233834,2023-03-22_09-00-46_8bit.png,1
312.0,234.0,0.71875,-10.462228129531175,3.622571290478492,-0.1763841883087107,0.08821554341844617,2023-03-22_09-00-46_8bit.png,1
289.0,97.0,0.71875,-13.756412115353633,23.24444981472531,-0.23192130347051562,0.566040419206753,2023-03-22_09-00-46_8bit.png,1
222.0,147.0,0.71875,-23.352513291445142,16.083180280328662,-0.3937033345940343,0.3916517784081009,2023-03-22_09-00-46_8bit.png,1
162.0,279.0,0.71875,-31.946036732721122,-2.8225712904784923,-0.5385827654509167,-0.06873423330034074,2023-03-22_09-00-46_8bit.png,1
112.0,50.0,0.71875,-39.10730626711777,29.97604317705816,-0.6593156244983187,0.729965741557486,2023-03-22_09-00-46_8bit.png,1
65.0,276.0,0.71875,-45.83889962945062,-2.3928951184146934,-0.7728045120028766,-0.05827091485242161,2023-03-22_09-00-46_8bit.png,1
61.0,234.0,0.71875,-46.411801192202354,3.622571290478492,-0.7824631407266688,0.08821554341844617,2023-03-22_09-00-46_8bit.png,1
43.0,441.0,0.71875,-48.98985822458515,-26.025084581923636,-0.8259269699837335,-0.6337534294879736,2023-03-22_09-00-46_8bit.png,1
662.0,39.0,0.6875000000000001,39.666658611245374,31.551522474625422,0.6687458250231033,0.7683312425331894,2023-03-22_09-00-46_8bit.png,1
732.0,340.0,0.6875,49.69243595940068,-11.559320122442404,0.8377718276894661,-0.2814883750746963,2023-03-22_09-00-46_8bit.png,1
638.0,87.0,0.6875,36.22924923473498,24.67670372160464,0.6107940526803504,0.6009181473664834,2023-03-22_09-00-46_8bit.png,1
601.0,130.0,0.6875,30.92990977928146,18.518011922023522,0.5214517369852729,0.4509439162796426,2023-03-22_09-00-46_8bit.png,1
533.0,132.0,0.6875,21.190583212502016,18.231561140647656,0.35725504868080615,0.4439683706476965,2023-03-22_09-00-46_8bit.png,1
448.0,225.0,0.6875,9.016425004027711,4.91159980666989,0.15200918830022273,0.11960549876220358,2023-03-22_09-00-46_8bit.png,1
403.0,38.0,0.6875,2.571282423070727,31.694747865313357,0.04334961515756094,0.7718190153491625,2023-03-22_09-00-46_8bit.png,1
395.0,480.0,0.6875,1.425479297567263,-31.610874818753025,0.024032357709976616,-0.7697765693109224,2023-03-22_09-00-46_8bit.png,1
386.0,371.0,0.6875,0.136450781375866,-15.999307233768326,0.002300443081444255,-0.3896093323698606,2023-03-22_09-00-46_8bit.png,1
373.0,196.0,0.6875,-1.7254792975672628,9.065136136619946,-0.029090100270880263,0.2207509104254218,2023-03-22_09-00-46_8bit.png,1
371.0,184.0,0.6875,-2.011930078943129,10.783840824875142,-0.03391941463277635,0.2626041842170983,2023-03-22_09-00-46_8bit.png,1
357.0,396.0,0.6875,-4.017085548574191,-19.579942000966653,-0.06772461516604891,-0.47680365276918674,2023-03-22_09-00-46_8bit.png,1
328.0,259.0,0.6875,-8.170621878524248,0.04193652328016756,-0.13774967341354208,0.001021223019120116,2023-03-22_09-00-46_8bit.png,1
270.0,242.0,0.6875,-16.47769453842436,2.476768164975028,-0.2777997899085284,0.06031336089066184,2023-03-22_09-00-46_8bit.png,1
246.0,265.0,0.6875,-19.91510391493475,-0.8174158208474304,-0.33575156225128133,-0.01990541387671814,2023-03-22_09-00-46_8bit.png,1
228.0,341.0,0.6875,-22.493160947317545,-11.702545513130337,-0.37921539150834604,-0.2849761478906694,2023-03-22_09-00-46_8bit.png,1
227.0,243.0,0.6875,-22.636386338005476,2.3335427742870953,-0.38163004868929407,0.0568255880746888,2023-03-22_09-00-46_8bit.png,1
212.0,136.0,0.6875,-24.784767198324474,17.658659577895925,-0.4178499064035147,0.43001727938380435,2023-03-22_09-00-46_8bit.png,1
140.0,504.0,0.6875,-35.096995327855645,-35.04828419526341,-0.5917052234317736,-0.8534831168942753,2023-03-22_09-00-46_8bit.png,1
133.0,229.0,0.6875,-36.099573062671176,4.338698243918158,-0.6086078236984098,0.10565440749831141,2023-03-22_09-00-46_8bit.png,1
95.0,288.0,0.6875,-41.542137908812634,-4.111599806669889,-0.7003647965744354,-0.10012418864409812,2023-03-22_09-00-46_8bit.png,1
58.0,415.0,0.6875,-46.841477364266154,-22.30122442403738,-0.7897071122695128,-0.5430713362726746,2023-03-22_09-00-46_8bit.png,1
49.0,430.0,0.6875,-48.13050588045755,-24.449605284356373,-0.8114390268980451,-0.5953879285122702,2023-03-22_09-00-46_8bit.png,1
605.0,373.0,0.6750000000000003,31.50281134203319,-16.285758015144193,0.531110365709065,-0.39658487800180675,2023-03-22_09-00-46_8bit.png,1
713.0,55.0,0.65625,46.97115353632995,29.259916223618497,0.7918933412514533,0.7125268774776208,2023-03-22_09-00-46_8bit.png,1
664.0,413.0,0.65625,39.953109392621236,-22.014773642661513,0.6735751393849994,-0.5360957906407284,2023-03-22_09-00-46_8bit.png,1
477.0,162.0,0.65625,13.169961333977767,13.934799420009668,0.2220342465477159,0.3393351861685053,2023-03-22_09-00-46_8bit.png,1
442.0,66.0,0.65625,8.157072659900113,27.684436926051234,0.1375212452145345,0.6741613765019173,2023-03-22_09-00-46_8bit.png,1
436.0,341.0,0.65625,7.297720315772515,-11.702545513130337,0.12303330212884625,-0.2849761478906694,2023-03-22_09-00-46_8bit.png,1
425.0,476.0,0.65625,5.722241018205252,-31.03797325600129,0.09647207313841781,-0.7558254780470302,2023-03-22_09-00-46_8bit.png,1
415.0,270.0,0.65625,4.289987111325922,-1.5335427742870955,0.0723255013289374,-0.037344277956583356,2023-03-22_09-00-46_8bit.png,1
411.0,455.0,0.65625,3.717085548574191,-28.0302400515547,0.06266687260514527,-0.6825822489115962,2023-03-22_09-00-46_8bit.png,1
404.0,295.0,0.65625,2.71450781375866,-5.11417754148542,0.04576427233850897,-0.12453859835590941,2023-03-22_09-00-46_8bit.png,1
396.0,210.0,0.65625,1.5687046882551958,7.059980666988884,0.026447014890924655,0.1719220910017992,2023-03-22_09-00-46_8bit.png,1
395.0,396.0,0.65625,1.425479297567263,-19.579942000966653,0.024032357709976616,-0.47680365276918674,2023-03-22_09-00-46_8bit.png,1
343.0,176.0,0.65625,-6.022241018205253,11.929643950378606,-0.10152981569932147,0.29050636674488267,2023-03-22_09-00-46_8bit.png,1
336.0,192.0,0.65625,-7.024818753020783,9.638037699371678,-0.11843241596595774,0.23470200168931396,2023-03-22_09-00-46_8bit.png,1
310.0,70.0,0.65625,-10.748678910907042,27.1115353632995,-0.1812135026706068,0.660210285238025,2023-03-22_09-00-46_8bit.png,1
249.0,125.0,0.65625,-19.48542774287095,19.234138875463188,-0.32850759070843716,0.4683827803595078,2023-03-22_09-00-46_8bit.png,1
229.0,292.0,0.65625,-22.34993555662961,-4.68450136942162,-0.37680073432739797,-0.11407527990799028,2023-03-22_09-00-46_8bit.png,1
174.0,435.0,0.65625,-30.227332044465925,-25.16573223779604,-0.5096068792795402,-0.6128267925921355,2023-03-22_09-00-46_8bit.png,1
60.0,266.0,0.65625,-46.555026582890285,-0.9606412115353634,-0.7848777979076167,-0.023393186692691186,2023-03-22_09-00-46_8bit.png,1
50.0,147.0,0.65625,-47.98728048976962,16.083180280328662,-0.8090243697170971,0.3916517784081009,2023-03-22_09-00-46_8bit.png,1
47.0,312.0,0.65625,-48.41695666183342,-7.549009183180281,-0.8162683412599413,-0.18383073622745114,2023-03-22_09-00-46_8bit.png,1
597.0,171.0,0.6500000000000002,30.357008216529728,12.64577090381827,0.5117931082614807,0.3079452308247479,2023-03-22_09-00-46_8bit.png,1
732.0,234.0,0.6250000000000002,49.69243595940068,3.622571290478492,0.8377718276894661,0.08821554341844617,2023-03-22_09-00-46_8bit.png,1
620.0,472.0,0.625,33.651192202352185,-30.46507169324956,0.5673302234232857,-0.741874386783138,2023-03-22_09-00-46_8bit.png,1
491.0,374.0,0.625,15.175116803608828,-16.428983405832128,0.25583944708098844,-0.4000726508177798,2023-03-22_09-00-46_8bit.png,1
487.0,40.0,0.625,14.602215240857097,31.40829708393749,0.2461808183571963,0.7648434697172164,2023-03-22_09-00-46_8bit.png,1
466.0,269.0,0.625,11.594482036410504,-1.3903173835991622,0.19547301755728744,-0.03385650514061031,2023-03-22_09-00-46_8bit.png,1
454.0,68.0,0.625,9.875777348155308,27.397986144675368,0.16649713138591096,0.6671858308699713,2023-03-22_09-00-46_8bit.png,1
442.0,275.0,0.625,8.157072659900113,-2.2496697277267605,0.1375212452145345,-0.05478314203644857,2023-03-22_09-00-46_8bit.png,1
404.0,279.0,0.625,2.71450781375866,-2.8225712904784923,0.04576427233850897,-0.06873423330034074,2023-03-22_09-00-46_8bit.png,1
399.0,377.0,0.625,1.9983808603189948,-16.858659577895928,0.03369098643376878,-0.41053596926569896,2023-03-22_09-00-46_8bit.png,1
336.0,234.0,0.625,-7.024818753020783,3.622571290478492,-0.11843241596595774,0.08821554341844617,2023-03-22_09-00-46_8bit.png,1
276.0,415.0,0.625,-15.618342194296764,-22.30122442403738,-0.26331184682284015,-0.5430713362726746,2023-03-22_09-00-46_8bit.png,1
274.0,62.0,0.625,-15.90479297567263,28.257338488802965,-0.26814116118473624,0.6881124677658095,2023-03-22_09-00-46_8bit.png,1
194.0,199.0,0.625,-27.362824230707265,8.635459964556148,-0.46131373566057937,0.21028759197750269,2023-03-22_09-00-46_8bit.png,1
181.0,284.0,0.625,-29.224754309650393,-3.5386982439181573,-0.49270427901290387,-0.08617309738020595,2023-03-22_09-00-46_8bit.png,1
164.0,74.0,0.625,-31.659585951345257,26.538633800547768,-0.5337534510890206,0.6462591939741329,2023-03-22_09-00-46_8bit.png,1
128.0,323.0,0.625,-36.815700016110846,-9.124488480747543,-0.62068110960315,-0.2221962372031546,2023-03-22_09-00-46_8bit.png,1
120.0,198.0,0.625,-37.96150314161431,8.77868535524408,-0.6399983670507344,0.21377536479347573,2023-03-22_09-00-46_8bit.png,1
115.0,217.0,0.625,-38.67763009505397,6.057402932173353,-0.6520716529554745,0.14750768128998792,2023-03-22_09-00-46_8bit.png,1
107.0,383.0,0.625,-39.82343322055743,-17.718011922023525,-0.6713889104030588,-0.4314626061615372,2023-03-22_09-00-46_8bit.png,1
61.0,312.0,0.625,-46.411801192202354,-7.549009183180281,-0.7824631407266688,-0.18383073622745114,2023-03-22_09-00-46_8bit.png,1
60.0,360.0,0.625,-46.555026582890285,-14.423827936201064,-0.7848777979076167,-0.3512438313941572,2023-03-22_09-00-46_8bit.png,1
46.0,112.0,0.625,-48.56018205252135,21.096068954406316,-0.8186829984408893,0.5137238269671573,2023-03-22_09-00-46_8bit.png,1
31.0,144.0,0.625,-50.70856291284034,16.51285645239246,-0.8549028561551099,0.40211509685602,2023-03-22_09-00-46_8bit.png,1
18.0,314.0,0.625,-52.570492991783475,-7.835459964556147,-0.8862933995074345,-0.19080628185939724,2023-03-22_09-00-46_8bit.png,1
614.0,398.0,0.6041666666666666,32.79183985822459,-19.86639278234252,0.5528422803375974,-0.4837791984011328,2023-03-22_09-00-46_8bit.png,1
610.0,248.0,0.59375,32.21893829547285,1.6174158208474303,0.5431836516138052,0.03938672399482358,2023-03-22_09-00-46_8bit.png,1
582.0,187.0,0.59375,28.208627356210734,10.354164652811344,0.47557325054726013,0.2521408657691792,2023-03-22_09-00-46_8bit.png,1
574.0,356.0,0.59375,27.062824230707268,-13.850926373449331,0.4562559930996758,-0.337292740130265,2023-03-22_09-00-46_8bit.png,1
416.0,103.0,0.59375,4.4332125020138555,22.385097470597714,0.07474015850988545,0.5451137823109148,2023-03-22_09-00-46_8bit.png,1
386.0,495.0,0.59375,0.136450781375866,-33.75925567907202,0.002300443081444255,-0.822093161550518,2023-03-22_09-00-46_8bit.png,1
316.0,129.0,0.59375,-9.889326566779443,18.661237312711453,-0.16672555958491855,0.4544316890956156,2023-03-22_09-00-46_8bit.png,1
249.0,60.0,0.59375,-19.48542774287095,28.54378927017883,-0.32850759070843716,0.6950880133977556,2023-03-22_09-00-46_8bit.png,1
248.0,38.0,0.59375,-19.628653133558885,31.694747865313357,-0.33092224788938523,0.7718190153491625,2023-03-22_09-00-46_8bit.png,1
219.0,43.0,0.59375,-23.782189463508942,30.97862091187369,-0.4009473061368784,0.7543801512692972,2023-03-22_09-00-46_8bit.png,1
206.0,161.0,0.59375,-25.64411954245207,14.0780248106976,-0.43233784948920295,0.3428229589844783,2023-03-22_09-00-46_8bit.png,1
203.0,385.0,0.59375,-26.073795714515867,-18.00446270339939,-0.439581821032047,-0.4384381517934833,2023-03-22_09-00-46_8bit.png,1
203.0,362.0,0.59375,-26.073795714515867,-14.71027871757693,-0.439581821032047,-0.3582193770261033,2023-03-22_09-00-46_8bit.png,1
197.0,89.0,0.59375,-26.933148058643468,24.390252940228773,-0.4540697641177353,0.5939426017345373,2023-03-22_09-00-46_8bit.png,1
143.0,203.0,0.59375,-34.66731915579185,8.062558401804415,-0.5844612518889295,0.1963365007136105,2023-03-22_09-00-46_8bit.png,1
124.0,382.0,0.59375,-37.38860157886258,-17.57478653133559,-0.6303397383269422,-0.42797483334556413,2023-03-22_09-00-46_8bit.png,1
110.0,424.0,0.59375,-39.39375704849364,-23.590252940228776,-0.6641449388602149,-0.5744612916164319,2023-03-22_09-00-46_8bit.png,1
90.0,71.0,0.59375,-42.2582648622523,26.968309972611568,-0.7124380824791755,0.656722512422052,2023-03-22_09-00-46_8bit.png,1
79.0,234.0,0.59375,-43.83374415981956,3.622571290478492,-0.738999311469604,0.08821554341844617,2023-03-22_09-00-46_8bit.png,1
75.0,131.0,0.59375,-44.40664572257129,18.374786531335587,-0.7486579401933962,0.4474561434636695,2023-03-22_09-00-46_8bit.png,1
74.0,345.0,0.59375,-44.54987111325922,-12.275447075882068,-0.7510725973743442,-0.29892723915456154,2023-03-22_09-00-46_8bit.png,1
54.0,43.0,0.59375,-47.414378927017886,30.97862091187369,-0.799365740993305,0.7543801512692972,2023-03-22_09-00-46_8bit.png,1
50.0,200.0,0.59375,-47.98728048976962,8.492234573868213,-0.8090243697170971,0.20679981916152962,2023-03-22_09-00-46_8bit.png,1
37.0,174.0,0.59375,-49.84921056871274,12.216094731754472,-0.8404149130694216,0.29748191237682875,2023-03-22_09-00-46_8bit.png,1
31.0,369.0,0.59375,-50.70856291284034,-15.71285645239246,-0.8549028561551099,-0.38263378673791454,2023-03-22_09-00-46_8bit.png,1
31.0,107.0,0.59375,-50.70856291284034,21.81219590784598,-0.8549028561551099,0.5311626910470225,2023-03-22_09-00-46_8bit.png,1
28.0,225.0,0.59375,-51.13823908490414,4.91159980666989,-0.862146827697954,0.11960549876220358,2023-03-22_09-00-46_8bit.png,1
684.0,344.0,0.5750000000000002,42.8176172063799,-12.132221685194136,0.7218682830039602,-0.2954394663385885,2023-03-22_09-00-46_8bit.png,1
762.0,256.0,0.5625,53.98919768003867,0.47161269534396655,0.9102115431179073,0.011484541467039245,2023-03-22_09-00-46_8bit.png,1
736.0,388.0,0.5625,50.265337522152414,-18.43413887546319,0.8474304564132583,-0.4489014702414025,2023-03-22_09-00-46_8bit.png,1
720.0,135.0,0.5625,47.97373127114548,17.801884968583856,0.8087959415180895,0.43350505219977736,2023-03-22_09-00-46_8bit.png,1
707.0,458.0,0.5625,46.11180119220236,-28.4599162236185,0.7774053981657651,-0.6930455673595154,2023-03-22_09-00-46_8bit.png,1
585.0,249.0,0.5625,28.63830352827453,1.4741904301594975,0.4828172220901042,0.035898951178850544,2023-03-22_09-00-46_8bit.png,1
529.0,306.0,0.5625,20.617681649750285,-6.689656839052683,0.347596419957014,-0.16290409933161287,2023-03-22_09-00-46_8bit.png,1
514.0,266.0,0.5625,18.46930078943129,-0.9606412115353634,0.3113765622427934,-0.023393186692691186,2023-03-22_09-00-46_8bit.png,1
506.0,362.0,0.5625,17.323497663927824,-14.71027871757693,0.29205930479520903,-0.3582193770261033,2023-03-22_09-00-46_8bit.png,1
446.0,328.0,0.5625,8.729974222651844,-9.840615434187209,0.14717987393832663,-0.23963510128301982,2023-03-22_09-00-46_8bit.png,1
417.0,138.0,0.5625,4.576437892701788,17.372208796520056,0.07715481569083349,0.4230417337518582,2023-03-22_09-00-46_8bit.png,1
293.0,19.0,0.5625,-13.183510552601902,34.416030288384086,-0.22226267474672348,0.8380866988526504,2023-03-22_09-00-46_8bit.png,1
292.0,459.0,0.5625,-13.326735943289835,-28.60314161430643,-0.2246773319276715,-0.6965333401754884,2023-03-22_09-00-46_8bit.png,1
292.0,262.0,0.5625,-13.326735943289835,-0.38773964878363143,-0.2246773319276715,-0.009442095428799013,2023-03-22_09-00-46_8bit.png,1
286.0,318.0,0.5625,-14.186088287417434,-8.408361527307878,-0.23916527501335977,-0.2047573731232894,2023-03-22_09-00-46_8bit.png,1
283.0,224.0,0.5625,-14.615764459481232,5.054825197357823,-0.24640924655620386,0.12309327157817662,2023-03-22_09-00-46_8bit.png,1
264.0,85.0,0.5625,-17.337046882551956,24.963154502980505,-0.29228773299421656,0.6078936929984294,2023-03-22_09-00-46_8bit.png,1
246.0,457.0,0.5625,-19.91510391493475,-28.316690832930565,-0.33575156225128133,-0.6895577945435424,2023-03-22_09-00-46_8bit.png,1
213.0,20.0,0.5625,-24.64154180763654,34.27280489769615,-0.41543524922256664,0.8345989260366772,2023-03-22_09-00-46_8bit.png,1
166.0,217.0,0.5625,-31.37313516996939,6.057402932173353,-0.5289241367271246,0.14750768128998792,2023-03-22_09-00-46_8bit.png,1
156.0,4.0,0.5625,-32.80538907684872,36.56441114870308,-0.5530707085366049,0.890403291092246,2023-03-22_09-00-46_8bit.png,1
132.0,399.0,0.5625,-36.242798453359114,-20.009618173030454,-0.611022480879358,-0.48726697121710594,2023-03-22_09-00-46_8bit.png,1
125.0,266.0,0.5625,-37.24537618817464,-0.9606412115353634,-0.6279250811459941,-0.023393186692691186,2023-03-22_09-00-46_8bit.png,1
122.0,150.0,0.5625,-37.67505236023844,15.653504108264864,-0.6351690526888383,0.38118845996018175,2023-03-22_09-00-46_8bit.png,1
101.0,60.0,0.5625,-40.682785564685034,28.54378927017883,-0.6858768534887472,0.6950880133977556,2023-03-22_09-00-46_8bit.png,1
93.0,60.0,0.5625,-41.8285886901885,28.54378927017883,-0.7051941109363314,0.6950880133977556,2023-03-22_09-00-46_8bit.png,1
92.0,482.0,0.5625,-41.97181408087643,-31.897325600128887,-0.7076087681172795,-0.7767521149428683,2023-03-22_09-00-46_8bit.png,1
70.0,138.0,0.5625,-45.12277267601095,17.372208796520056,-0.7607312260981363,0.4230417337518582,2023-03-22_09-00-46_8bit.png,1
60.0,34.0,0.5625,-46.555026582890285,32.26764942806509,-0.7848777979076167,0.7857701066130548,2023-03-22_09-00-46_8bit.png,1
14.0,342.0,0.5625,-53.143394554535206,-11.84577090381827,-0.8959520282312267,-0.2884639207066424,2023-03-22_09-00-46_8bit.png,1
753.0,89.0,0.5500000000000002,52.70016916384727,24.390252940228773,0.8884796284893749,0.5939426017345373,2023-03-22_09-00-46_8bit.png,1
741.0,206.0,0.53125,50.98146447559208,7.632882229740616,0.8595037423179984,0.18587318226569138,2023-03-22_09-00-46_8bit.png,1
723.0,457.0,0.53125,48.40340744320928,-28.316690832930565,0.8160399130609337,-0.6895577945435424,2023-03-22_09-00-46_8bit.png,1
657.0,154.0,0.53125,38.950531657805705,15.080602545513132,0.6566725391183631,0.3672373686962896,2023-03-22_09-00-46_8bit.png,1
297.0,364.0,1.0,-12.61060898985017,-14.996729498952796,-0.21260404602293131,-0.36519492265804937,2023-03-22_09-02-20_8bit.png,2
287.0,276.0,1.0,-14.0428628967295,-2.3928951184146934,-0.23675061783241172,-0.05827091485242161,2023-03-22_09-02-20_8bit.png,2
626.0,92.0,0.9999999999999996,34.510544546479785,23.960576768164973,0.5818181665089739,0.5834792832866181,2023-03-22_09-02-20_8bit.png,2
588.0,23.0,0.9999999999999996,29.06797970033833,33.843128725632354,0.49006119363294837,0.8241356075887583,2023-03-22_09-02-20_8bit.png,2
501.0,455.0,0.9999999999999996,16.607370710488162,-28.0302400515547,0.2799860188904689,-0.6825822489115962,2023-03-22_09-02-20_8bit.png,2
471.0,496.0,0.9999999999999996,12.31060898985017,-33.90248106975995,0.20754630346202765,-0.8255809343664909,2023-03-22_09-02-20_8bit.png,2
453.0,302.0,0.9999999999999996,9.732551957467376,-6.1167552763009505,0.1640824742049629,-0.14895300806772072,2023-03-22_09-02-20_8bit.png,2
451.0,314.0,0.9999999999999996,9.44610117609151,-7.835459964556147,0.15925315984306684,-0.19080628185939724,2023-03-22_09-02-20_8bit.png,2
449.0,205.0,0.9999999999999996,9.159650394715644,7.776107620428549,0.15442384548117077,0.18936095508166442,2023-03-22_09-02-20_8bit.png,2
389.0,485.0,0.9999999999999996,0.5661269534396649,-32.32700177219269,0.009544414624288374,-0.7872154333907875,2023-03-22_09-02-20_8bit.png,2
317.0,201.0,0.9999999999999996,-9.74610117609151,8.34900918318028,-0.1643109024039705,0.20331204634555658,2023-03-22_09-02-20_8bit.png,2
275.0,134.0,0.9999999999999996,-15.761567584984697,17.94511035927179,-0.2657265040037882,0.43699282501575043,2023-03-22_09-02-20_8bit.png,2
600.0,279.0,0.96875,30.786684388593528,-2.8225712904784923,0.5190370798043249,-0.06873423330034074,2023-03-22_09-02-20_8bit.png,2
353.0,242.0,0.96875,-4.5899871113259225,2.476768164975028,-0.07738324388984107,0.06031336089066184,2023-03-22_09-02-20_8bit.png,2
683.0,252.0,0.9583333333333329,42.67439181569196,1.0445142580956985,0.7194536258230121,0.025435632730931416,2023-03-22_09-02-20_8bit.png,2
602.0,312.0,0.9583333333333329,31.073135169969394,-7.549009183180281,0.5238663941662209,-0.18383073622745114,2023-03-22_09-02-20_8bit.png,2
511.0,505.0,0.9583333333333329,18.03962461736749,-35.19150958595135,0.30413259069994925,-0.8569708897102485,2023-03-22_09-02-20_8bit.png,2
324.0,256.0,0.9583333333333329,-8.743523441275979,0.47161269534396655,-0.14740830213733422,0.011484541467039245,2023-03-22_09-02-20_8bit.png,2
647.0,411.0,0.9375,37.51827775092638,-21.728322861285648,0.6325259673088828,-0.5291202450087824,2023-03-22_09-02-20_8bit.png,2
521.0,159.0,0.9375,19.471878524246822,14.364475592073466,0.3282791625094297,0.34979850461642437,2023-03-22_09-02-20_8bit.png,2
390.0,412.0,0.9375,0.7093523441275978,-21.871548251973582,0.011959071805236414,-0.5326080178247554,2023-03-22_09-02-20_8bit.png,2
7.0,252.0,0.9375,-54.14597228935074,1.0445142580956985,-0.9128546284978629,0.025435632730931416,2023-03-22_09-02-20_8bit.png,2
688.0,327.0,0.9166666666666663,43.39051876913163,-9.697390043499276,0.7315269117277524,-0.23614732846704678,2023-03-22_09-02-20_8bit.png,2
679.0,206.0,0.9166666666666663,42.10149025294023,7.632882229740616,0.70979499709922,0.18587318226569138,2023-03-22_09-02-20_8bit.png,2
658.0,299.0,0.9166666666666663,39.09375704849364,-5.687079104237151,0.6590871962993112,-0.13848968961980157,2023-03-22_09-02-20_8bit.png,2
618.0,414.0,0.9166666666666663,33.36474142097632,-22.157999033349448,0.5625009090613896,-0.5395835634567016,2023-03-22_09-02-20_8bit.png,2
599.0,34.0,0.9166666666666663,30.643458997905594,32.26764942806509,0.5166224226233768,0.7857701066130548,2023-03-22_09-02-20_8bit.png,2
471.0,52.0,0.9166666666666663,12.31060898985017,29.689592395682293,0.20754630346202765,0.7229901959255399,2023-03-22_09-02-20_8bit.png,2
391.0,161.0,0.9166666666666663,0.8525777348155309,14.0780248106976,0.014373728986184454,0.3428229589844783,2023-03-22_09-02-20_8bit.png,2
252.0,50.0,0.9166666666666663,-19.055751570807153,29.97604317705816,-0.3212636191655931,0.729965741557486,2023-03-22_09-02-20_8bit.png,2
190.0,271.0,0.90625,-27.935725793459,-1.6767681649750283,-0.47097236438437157,-0.040832050772556396,2023-03-22_09-02-20_8bit.png,2
139.0,463.0,0.90625,-35.24022071854358,-29.176043177058162,-0.5941198806127216,-0.7104844314393806,2023-03-22_09-02-20_8bit.png,2
346.0,172.0,0.875,-5.592564846141454,12.502545513130338,-0.09428584415647735,0.30445745800877483,2023-03-22_09-02-20_8bit.png,2
260.0,336.0,0.875,-17.909948445303687,-10.986418559690671,-0.3019463617180087,-0.26753728381080416,2023-03-22_09-02-20_8bit.png,2
248.0,198.0,0.875,-19.628653133558885,8.77868535524408,-0.33092224788938523,0.21377536479347573,2023-03-22_09-02-20_8bit.png,2
177.0,99.0,0.875,-29.797655872402128,22.957999033349445,-0.5023629077366961,0.5590648735748069,2023-03-22_09-02-20_8bit.png,2
720.0,264.0,0.8749999999999997,47.97373127114548,-0.6741904301594973,0.8087959415180895,-0.016417641060745097,2023-03-22_09-02-20_8bit.png,2
554.0,200.0,0.8749999999999997,24.198316416948607,8.492234573868213,0.407962849480715,0.20679981916152962,2023-03-22_09-02-20_8bit.png,2
403.0,487.0,0.8749999999999997,2.571282423070727,-32.61345255356856,0.04334961515756094,-0.7941909790227337,2023-03-22_09-02-20_8bit.png,2
327.0,410.0,0.8749999999999997,-8.31384726921218,-21.585097470597717,-0.1401643305944901,-0.5256324721928094,2023-03-22_09-02-20_8bit.png,2
306.0,248.0,0.8749999999999997,-11.321580473658774,1.6174158208474303,-0.19087213139439896,0.03938672399482358,2023-03-22_09-02-20_8bit.png,2
222.0,294.0,0.8749999999999997,-23.352513291445142,-4.970952150797487,-0.3937033345940343,-0.12105082553993637,2023-03-22_09-02-20_8bit.png,2
593.0,506.0,0.84375,29.784106653777997,-35.33473497663928,0.5021344795376885,-0.8604586625262215,2023-03-22_09-02-20_8bit.png,2
561.0,311.0,0.84375,25.20089415176414,-7.405783792492348,0.42486544974735124,-0.1803429634114781,2023-03-22_09-02-20_8bit.png,2
496.0,299.0,0.84375,15.891243757048494,-5.687079104237151,0.26791273298572865,-0.13848968961980157,2023-03-22_09-02-20_8bit.png,2
251.0,366.0,0.84375,-19.198976961495084,-15.283180280328661,-0.3236782763465411,-0.37217046828999545,2023-03-22_09-02-20_8bit.png,2
233.0,304.0,0.84375,-21.77703399387788,-6.403206057676816,-0.36714210560360583,-0.1559285536996668,2023-03-22_09-02-20_8bit.png,2
137.0,98.0,0.84375,-35.526671499919445,23.101224424037376,-0.5989491949746176,0.56255264639078,2023-03-22_09-02-20_8bit.png,2
724.0,464.0,0.833333333333333,48.54663283389721,-29.319268567746096,0.8184545702418817,-0.7139722042553537,2023-03-22_09-02-20_8bit.png,2
724.0,420.0,0.833333333333333,48.54663283389721,-23.017351377477045,0.8184545702418817,-0.5605102003525397,2023-03-22_09-02-20_8bit.png,2
721.0,6.0,0.833333333333333,48.11695666183342,36.27796036732721,0.8112105986990377,0.8834277454602998,2023-03-22_09-02-20_8bit.png,2
662.0,89.0,0.833333333333333,39.666658611245374,24.390252940228773,0.6687458250231033,0.5939426017345373,2023-03-22_09-02-20_8bit.png,2
623.0,152.0,0.833333333333333,34.080868374415985,15.367053326888998,0.5745741949661297,0.37421291432823567,2023-03-22_09-02-20_8bit.png,2
597.0,439.0,0.833333333333333,30.357008216529728,-25.73863380054777,0.5117931082614807,-0.6267778838560275,2023-03-22_09-02-20_8bit.png,2
575.0,379.0,0.833333333333333,27.206049621395202,-17.145110359271793,0.4586706502806238,-0.41751151489764504,2023-03-22_09-02-20_8bit.png,2
448.0,436.0,0.833333333333333,9.016425004027711,-25.308957628483974,0.15200918830022273,-0.6163145654081085,2023-03-22_09-02-20_8bit.png,2
319.0,24.0,0.833333333333333,-9.459650394715645,33.699903334944416,-0.15948158804207443,0.820647834772785,2023-03-22_09-02-20_8bit.png,2
296.0,151.0,0.833333333333333,-12.753834380538104,15.51027871757693,-0.21501870320387936,0.37770068714420874,2023-03-22_09-02-20_8bit.png,2
197.0,108.0,0.833333333333333,-26.933148058643468,21.668970517158048,-0.4540697641177353,0.5276749182310495,2023-03-22_09-02-20_8bit.png,2
622.0,132.0,0.8125,33.937642983728054,18.231561140647656,0.5721595377851817,0.4439683706476965,2023-03-22_09-02-20_8bit.png,2
469.0,179.0,0.8125,12.024158208474303,11.499967778314806,0.20271698910013156,0.2800430482969635,2023-03-22_09-02-20_8bit.png,2
371.0,240.0,0.8125,-2.011930078943129,2.7632189463508943,-0.03391941463277635,0.06728890652260792,2023-03-22_09-02-20_8bit.png,2
303.0,349.0,0.8125,-11.751256645722572,-12.848348638633801,-0.19811610293724308,-0.3128783304184537,2023-03-22_09-02-20_8bit.png,2
302.0,204.0,0.8125,-11.894482036410505,7.919333011116482,-0.2005307601181911,0.19284872789763746,2023-03-22_09-02-20_8bit.png,2
259.0,507.0,0.8125,-18.053173835991622,-35.47796036732721,-0.3043610188989568,-0.8639464353421945,2023-03-22_09-02-20_8bit.png,2
254.0,113.0,0.8125,-18.769300789431288,20.952843563718382,-0.316434304803697,0.5102360541511843,2023-03-22_09-02-20_8bit.png,2
221.0,208.0,0.8125,-23.495738682133076,7.346431448364751,-0.39611799177498236,0.1788976366337453,2023-03-22_09-02-20_8bit.png,2
182.0,132.0,0.8125,-29.081528918962462,18.231561140647656,-0.4902896218319559,0.4439683706476965,2023-03-22_09-02-20_8bit.png,2
177.0,412.0,0.8125,-29.797655872402128,-21.871548251973582,-0.5023629077366961,-0.5326080178247554,2023-03-22_09-02-20_8bit.png,2
143.0,305.0,0.8125,-34.66731915579185,-6.54643144836475,-0.5844612518889295,-0.15941632651563983,2023-03-22_09-02-20_8bit.png,2
26.0,416.0,0.8125,-51.424689866280005,-22.444449814725314,-0.8669761420598501,-0.5465591090886476,2023-03-22_09-02-20_8bit.png,2
762.0,302.0,0.7916666666666664,53.98919768003867,-6.1167552763009505,0.9102115431179073,-0.14895300806772072,2023-03-22_09-02-20_8bit.png,2
747.0,312.0,0.7916666666666664,51.84081681971968,-7.549009183180281,0.8739916854036868,-0.18383073622745114,2023-03-22_09-02-20_8bit.png,2
727.0,162.0,0.7916666666666664,48.976309005961014,13.934799420009668,0.8256985417847259,0.3393351861685053,2023-03-22_09-02-20_8bit.png,2
725.0,358.0,0.7916666666666664,48.68985822458515,-14.137377154825197,0.8208692274228299,-0.3442682857622111,2023-03-22_09-02-20_8bit.png,2
716.0,438.0,0.7916666666666664,47.40082970839375,-25.59540840985984,0.7991373127942974,-0.6232901110400546,2023-03-22_09-02-20_8bit.png,2
709.0,18.0,0.7916666666666664,46.39825197357822,34.55925567907202,0.7822347125276612,0.8415744716686233,2023-03-22_09-02-20_8bit.png,2
677.0,120.0,0.7916666666666664,41.81503947156437,19.95026582890285,0.704965682737324,0.485821644439373,2023-03-22_09-02-20_8bit.png,2
664.0,62.0,0.7916666666666664,39.953109392621236,28.257338488802965,0.6735751393849994,0.6881124677658095,2023-03-22_09-02-20_8bit.png,2
653.0,210.0,0.7916666666666664,38.37763009505397,7.059980666988884,0.6470139103945709,0.1719220910017992,2023-03-22_09-02-20_8bit.png,2
645.0,452.0,0.7916666666666664,37.23182696955051,-27.6005638794909,0.6276966529469866,-0.6721189304636771,2023-03-22_09-02-20_8bit.png,2
611.0,495.0,0.7916666666666664,32.36216368616079,-33.75925567907202,0.5455983087947534,-0.822093161550518,2023-03-22_09-02-20_8bit.png,2
576.0,16.0,0.7916666666666664,27.349275012083133,34.84570646044788,0.46108530746157184,0.8485500173005693,2023-03-22_09-02-20_8bit.png,2
565.0,202.0,0.7916666666666664,25.77379571451587,8.205783792492348,0.4345240784711434,0.19982427352958354,2023-03-22_09-02-20_8bit.png,2
564.0,418.0,0.7916666666666664,25.63057032382794,-22.73090059610118,0.4321094212901954,-0.5535346547205937,2023-03-22_09-02-20_8bit.png,2
451.0,352.0,0.7916666666666664,9.44610117609151,-13.2780248106976,0.15925315984306684,-0.32334164886637284,2023-03-22_09-02-20_8bit.png,2
412.0,439.0,0.7916666666666664,3.8603109392621238,-25.73863380054777,0.0650815297860933,-0.6267778838560275,2023-03-22_09-02-20_8bit.png,2
381.0,498.0,0.7916666666666664,-0.579676172063799,-34.18893185113582,-0.009772842823295946,-0.8325564799984372,2023-03-22_09-02-20_8bit.png,2
325.0,279.0,0.7916666666666664,-8.600298050588046,-2.8225712904784923,-0.1449936449563862,-0.06873423330034074,2023-03-22_09-02-20_8bit.png,2
310.0,298.0,0.7916666666666664,-10.748678910907042,-5.543853713549218,-0.1812135026706068,-0.13500191680382853,2023-03-22_09-02-20_8bit.png,2
306.0,120.0,0.7916666666666664,-11.321580473658774,19.95026582890285,-0.19087213139439896,0.485821644439373,2023-03-22_09-02-20_8bit.png,2
289.0,264.0,0.7916666666666664,-13.756412115353633,-0.6741904301594973,-0.23192130347051562,-0.016417641060745097,2023-03-22_09-02-20_8bit.png,2
684.0,309.0,0.78125,42.8176172063799,-7.119333011116481,0.7218682830039602,-0.173367417779532,2023-03-22_09-02-20_8bit.png,2
579.0,301.0,0.78125,27.778951184146933,-5.973529885613018,0.468329279004416,-0.14546523525174768,2023-03-22_09-02-20_8bit.png,2
558.0,268.0,0.78125,24.771217979700342,-1.2470919929112294,0.4176214782045072,-0.03036873232463727,2023-03-22_09-02-20_8bit.png,2
550.0,421.0,0.78125,23.625414854196876,-23.160576768164976,0.39830422075692284,-0.5639979731685127,2023-03-22_09-02-20_8bit.png,2
488.0,263.0,0.78125,14.74544063154503,-0.5309650394715644,0.24859547553814432,-0.012929868244772054,2023-03-22_09-02-20_8bit.png,2
447.0,6.0,0.78125,8.873199613339779,36.27796036732721,0.1495945311192747,0.8834277454602998,2023-03-22_09-02-20_8bit.png,2
436.0,272.0,0.78125,7.297720315772515,-1.8199935556629612,0.12303330212884625,-0.044319823588529435,2023-03-22_09-02-20_8bit.png,2
434.0,405.0,0.78125,7.011269534396649,-20.86897051715805,0.11820398776695017,-0.5081936081129441,2023-03-22_09-02-20_8bit.png,2
407.0,396.0,0.78125,3.1441839858224587,-19.579942000966653,0.0530082438813531,-0.47680365276918674,2023-03-22_09-02-20_8bit.png,2
396.0,298.0,0.78125,1.5687046882551958,-5.543853713549218,0.026447014890924655,-0.13500191680382853,2023-03-22_09-02-20_8bit.png,2
335.0,436.0,0.78125,-7.168044143708717,-25.308957628483974,-0.12084707314690579,-0.6163145654081085,2023-03-22_09-02-20_8bit.png,2
306.0,176.0,0.78125,-11.321580473658774,11.929643950378606,-0.19087213139439896,0.29050636674488267,2023-03-22_09-02-20_8bit.png,2
283.0,115.0,0.78125,-14.615764459481232,20.666392782342516,-0.24640924655620386,0.5032605085192382,2023-03-22_09-02-20_8bit.png,2
230.0,317.0,0.78125,-22.20671016594168,-8.265136136619946,-0.37438607714644995,-0.20126960030731636,2023-03-22_09-02-20_8bit.png,2
115.0,323.0,0.78125,-38.67763009505397,-9.124488480747543,-0.6520716529554745,-0.2221962372031546,2023-03-22_09-02-20_8bit.png,2
40.0,396.0,0.78125,-49.41953439664895,-19.579942000966653,-0.8331709415265776,-0.47680365276918674,2023-03-22_09-02-20_8bit.png,2
494.0,426.0,0.75,15.604792975672629,-23.876703721604642,0.26308341862383255,-0.581436837248378,2023-03-22_09-02-20_8bit.png,2
324.0,109.0,0.75,-8.743523441275979,21.525745126470113,-0.14740830213733422,0.5241871454150765,2023-03-22_09-02-20_8bit.png,2
314.0,165.0,0.75,-10.175777348155309,13.50512324794587,-0.17155487394681462,0.32887186772058613,2023-03-22_09-02-20_8bit.png,2
222.0,169.0,0.75,-23.352513291445142,12.932221685194136,-0.3937033345940343,0.314920776456694,2023-03-22_09-02-20_8bit.png,2
184.0,374.0,0.75,-28.795078137586597,-16.428983405832128,-0.4854603074700598,-0.4000726508177798,2023-03-22_09-02-20_8bit.png,2
109.0,302.0,0.75,-39.53698243918157,-6.1167552763009505,-0.6665595960411628,-0.14895300806772072,2023-03-22_09-02-20_8bit.png,2
97.0,506.0,0.75,-41.255687127436765,-35.33473497663928,-0.6955354822125392,-0.8604586625262215,2023-03-22_09-02-20_8bit.png,2
74.0,170.0,0.75,-44.54987111325922,12.788996294506203,-0.7510725973743442,0.3114330036407209,2023-03-22_09-02-20_8bit.png,2
50.0,402.0,0.75,-47.98728048976962,-20.43929434509425,-0.8090243697170971,-0.49773028966502497,2023-03-22_09-02-20_8bit.png,2
39.0,296.0,0.75,-49.56275978733688,-5.257402932173353,-0.8355855987075256,-0.12802637117188245,2023-03-22_09-02-20_8bit.png,2
764.0,151.0,0.7499999999999998,54.275648461414534,15.51027871757693,0.9150408574798033,0.37770068714420874,2023-03-22_09-02-20_8bit.png,2
752.0,420.0,0.7499999999999998,52.55694377315934,-23.017351377477045,0.8860649713084269,-0.5605102003525397,2023-03-22_09-02-20_8bit.png,2
726.0,306.0,0.7499999999999998,48.83308361527308,-6.689656839052683,0.8232838846037779,-0.16290409933161287,2023-03-22_09-02-20_8bit.png,2
718.0,215.0,0.7499999999999998,47.68728048976962,6.343853713549219,0.8039666271561936,0.154483226921934,2023-03-22_09-02-20_8bit.png,2
692.0,56.0,0.7499999999999998,43.96342033188336,29.116690832930562,0.7411855404515445,0.7090391046616478,2023-03-22_09-02-20_8bit.png,2
683.0,497.0,0.7499999999999998,42.67439181569196,-34.04570646044788,0.7194536258230121,-0.829068707182464,2023-03-22_09-02-20_8bit.png,2
678.0,167.0,0.7499999999999998,41.9582648622523,13.218672466570002,0.707380339918272,0.32189632208864005,2023-03-22_09-02-20_8bit.png,2
677.0,108.0,0.7499999999999998,41.81503947156437,21.668970517158048,0.704965682737324,0.5276749182310495,2023-03-22_09-02-20_8bit.png,2
635.0,390.0,0.7499999999999998,35.79957306267118,-18.720589656839056,0.6035500811375062,-0.45587701587334856,2023-03-22_09-02-20_8bit.png,2
617.0,348.0,0.7499999999999998,33.221516030288385,-12.705123247945869,0.5600862518804415,-0.3093905576024807,2023-03-22_09-02-20_8bit.png,2
612.0,446.0,0.7499999999999998,32.50538907684872,-26.741211535363302,0.5480129659757013,-0.6511922935678389,2023-03-22_09-02-20_8bit.png,2
605.0,13.0,0.7499999999999998,31.50281134203319,35.27538263251168,0.531110365709065,0.8590133357484885,2023-03-22_09-02-20_8bit.png,2
600.0,349.0,0.7499999999999998,30.786684388593528,-12.848348638633801,0.5190370798043249,-0.3128783304184537,2023-03-22_09-02-20_8bit.png,2
557.0,240.0,0.7499999999999998,24.627992589012408,2.7632189463508943,0.4152068210235591,0.06728890652260792,2023-03-22_09-02-20_8bit.png,2
493.0,331.0,0.7499999999999998,15.461567584984696,-10.270291606251007,0.26066876144288453,-0.25009841973093894,2023-03-22_09-02-20_8bit.png,2
470.0,412.0,0.7499999999999998,12.167383599162237,-21.871548251973582,0.20513164628107963,-0.5326080178247554,2023-03-22_09-02-20_8bit.png,2
441.0,30.0,0.7499999999999998,8.01384726921218,32.84055099081682,0.13510658803358644,0.799721197876947,2023-03-22_09-02-20_8bit.png,2
382.0,252.0,0.7499999999999998,-0.436450781375866,1.0445142580956985,-0.0073581856423479055,0.025435632730931416,2023-03-22_09-02-20_8bit.png,2
363.0,79.0,0.7499999999999998,-3.1577332044465924,25.822506847108105,-0.05323667208036066,0.6288203298942678,2023-03-22_09-02-20_8bit.png,2
271.0,105.0,0.7499999999999998,-16.334469147736424,22.098646689221844,-0.2753851327275803,0.5381382366789687,2023-03-22_09-02-20_8bit.png,2
268.0,158.0,0.7499999999999998,-16.764145319800225,14.5077009827614,-0.2826291042704244,0.35328627743239743,2023-03-22_09-02-20_8bit.png,2
178.0,25.0,0.7499999999999998,-29.654430481714193,33.556677944256485,-0.49994825055574804,0.817160061956812,2023-03-22_09-02-20_8bit.png,2
113.0,136.0,0.7499999999999998,-38.96408087642984,17.658659577895925,-0.6569009673173707,0.43001727938380435,2023-03-22_09-02-20_8bit.png,2
12.0,104.0,0.7499999999999998,-53.42984533591107,22.24187207990978,-0.9007813425931227,0.5416260094949417,2023-03-22_09-02-20_8bit.png,2
749.0,130.0,0.7083333333333331,52.12726760109554,18.518011922023522,0.8788209997655828,0.4509439162796426,2023-03-22_09-02-20_8bit.png,2
739.0,360.0,0.7083333333333331,50.695013694216215,-14.423827936201064,0.8546744279561025,-0.3512438313941572,2023-03-22_09-02-20_8bit.png,2
695.0,462.0,0.7083333333333331,44.39309650394716,-29.03281778637023,0.7484295119943887,-0.7069966586234075,2023-03-22_09-02-20_8bit.png,2
488.0,224.0,0.7083333333333331,14.74544063154503,5.054825197357823,0.24859547553814432,0.12309327157817662,2023-03-22_09-02-20_8bit.png,2
421.0,421.0,0.7083333333333331,5.149339455453521,-23.160576768164976,0.08681344441462566,-0.5639979731685127,2023-03-22_09-02-20_8bit.png,2
420.0,18.0,0.7083333333333331,5.006114064765587,34.55925567907202,0.08439878723367761,0.8415744716686233,2023-03-22_09-02-20_8bit.png,2
410.0,464.0,0.7083333333333331,3.5738601578862577,-29.319268567746096,0.06025221542419722,-0.7139722042553537,2023-03-22_09-02-20_8bit.png,2
371.0,447.0,0.7083333333333331,-2.011930078943129,-26.884436926051237,-0.03391941463277635,-0.6546800663838119,2023-03-22_09-02-20_8bit.png,2
287.0,309.0,0.7083333333333331,-14.0428628967295,-7.119333011116481,-0.23675061783241172,-0.173367417779532,2023-03-22_09-02-20_8bit.png,2
204.0,34.0,0.7083333333333331,-25.930570323827936,32.26764942806509,-0.437167163851099,0.7857701066130548,2023-03-22_09-02-20_8bit.png,2
157.0,110.0,0.7083333333333331,-32.66216368616079,21.382519735782182,-0.5506560513556569,0.5206993725991035,2023-03-22_09-02-20_8bit.png,2
108.0,449.0,0.7083333333333331,-39.6802078298695,-27.170887707427102,-0.6689742532221108,-0.6616556120157581,2023-03-22_09-02-20_8bit.png,2
84.0,150.0,0.7083333333333331,-43.1176172063799,15.653504108264864,-0.7269260255648639,0.38118845996018175,2023-03-22_09-02-20_8bit.png,2
738.0,419.0,0.6666666666666665,50.55178830352828,-22.87412598678911,0.8522597707751544,-0.5570224275365667,2023-03-22_09-02-20_8bit.png,2
737.0,450.0,0.6666666666666665,50.408562912840345,-27.314113098115033,0.8498451135942063,-0.6651433848317311,2023-03-22_09-02-20_8bit.png,2
724.0,374.0,0.6666666666666665,48.54663283389721,-16.428983405832128,0.8184545702418817,-0.4000726508177798,2023-03-22_09-02-20_8bit.png,2
704.0,224.0,0.6666666666666665,45.68212502013856,5.054825197357823,0.770161426622921,0.12309327157817662,2023-03-22_09-02-20_8bit.png,2
700.0,436.0,0.6666666666666665,45.109223457386825,-25.308957628483974,0.7605027978991289,-0.6163145654081085,2023-03-22_09-02-20_8bit.png,2
683.0,355.0,0.6666666666666665,42.67439181569196,-13.707700982761398,0.7194536258230121,-0.33380496731429193,2023-03-22_09-02-20_8bit.png,2
641.0,502.0,0.6666666666666665,36.65892540679878,-34.76183341388755,0.6180380242231945,-0.8465075712623293,2023-03-22_09-02-20_8bit.png,2
625.0,356.0,0.6666666666666665,34.367319155791854,-13.850926373449331,0.5794035093280259,-0.337292740130265,2023-03-22_09-02-20_8bit.png,2
621.0,402.0,0.6666666666666665,33.794417593040116,-20.43929434509425,0.5697448806042337,-0.49773028966502497,2023-03-22_09-02-20_8bit.png,2
590.0,135.0,0.6666666666666665,29.354430481714196,17.801884968583856,0.4948905079948444,0.43350505219977736,2023-03-22_09-02-20_8bit.png,2
533.0,257.0,0.6666666666666665,21.190583212502016,0.3283873046560335,0.35725504868080615,0.0079967686510662,2023-03-22_09-02-20_8bit.png,2
532.0,498.0,0.6666666666666665,21.047357821814085,-34.18893185113582,0.35484039149985813,-0.8325564799984372,2023-03-22_09-02-20_8bit.png,2
506.0,444.0,0.6666666666666665,17.323497663927824,-26.454760753987436,0.29205930479520903,-0.6442167479358928,2023-03-22_09-02-20_8bit.png,2
505.0,212.0,0.6666666666666665,17.180272273239893,6.773529885613018,0.28964464761426106,0.16494654536985312,2023-03-22_09-02-20_8bit.png,2
498.0,5.0,0.6666666666666665,16.177694538424362,36.42118575801514,0.27274204734762475,0.8869155182762728,2023-03-22_09-02-20_8bit.png,2
458.0,368.0,0.6666666666666665,10.448678910907041,-15.569631061704527,0.17615576010970313,-0.3791460139219415,2023-03-22_09-02-20_8bit.png,2
418.0,31.0,0.6666666666666665,4.719663283389721,32.697325600128885,0.07956947287178152,0.7962334250609737,2023-03-22_09-02-20_8bit.png,2
397.0,388.0,0.6666666666666665,1.7119300789431289,-18.43413887546319,0.028861672071872697,-0.4489014702414025,2023-03-22_09-02-20_8bit.png,2
396.0,80.0,0.6666666666666665,1.5687046882551958,25.67928145642017,0.026447014890924655,0.6253325570782947,2023-03-22_09-02-20_8bit.png,2
394.0,104.0,0.6666666666666665,1.28225390687933,22.24187207990978,0.021617700529028575,0.5416260094949417,2023-03-22_09-02-20_8bit.png,2
391.0,143.0,0.6666666666666665,0.8525777348155309,16.656081843080393,0.014373728986184454,0.40560286967199305,2023-03-22_09-02-20_8bit.png,2
383.0,438.0,0.6666666666666665,-0.29322539068793296,-25.59540840985984,-0.0049435284613998645,-0.6232901110400546,2023-03-22_09-02-20_8bit.png,2
318.0,417.0,0.6666666666666665,-9.602875785403578,-22.587675205413245,-0.16189624522302248,-0.5500468819046206,2023-03-22_09-02-20_8bit.png,2
304.0,448.0,0.6666666666666665,-11.60803125503464,-27.027662316739168,-0.19570144575629503,-0.6581678391997849,2023-03-22_09-02-20_8bit.png,2
297.0,58.0,0.6666666666666665,-12.61060898985017,28.830240051554696,-0.21260404602293131,0.7020635590297016,2023-03-22_09-02-20_8bit.png,2
293.0,496.0,0.6666666666666665,-13.183510552601902,-33.90248106975995,-0.22226267474672348,-0.8255809343664909,2023-03-22_09-02-20_8bit.png,2
288.0,168.0,0.6666666666666665,-13.899637506041566,13.07544707588207,-0.23433596065146364,0.318408549272667,2023-03-22_09-02-20_8bit.png,2
268.0,237.0,0.6666666666666665,-16.764145319800225,3.192895118414693,-0.2826291042704244,0.07775222497052706,2023-03-22_09-02-20_8bit.png,2
244.0,3.0,0.6666666666666665,-20.201554696310616,36.70763653939101,-0.3405808766131774,0.893891063908219,2023-03-22_09-02-20_8bit.png,2
174.0,253.0,0.6666666666666665,-30.227332044465925,0.9012888674077655,-0.5096068792795402,0.021947859914958373,2023-03-22_09-02-20_8bit.png,2
727.0,323.0,0.6249999999999999,48.976309005961014,-9.124488480747543,0.8256985417847259,-0.2221962372031546,2023-03-22_09-02-20_8bit.png,2
722.0,506.0,0.6249999999999999,48.26018205252135,-35.33473497663928,0.8136252558799857,-0.8604586625262215,2023-03-22_09-02-20_8bit.png,2
705.0,411.0,0.6249999999999999,45.82535041082649,-21.728322861285648,0.772576083803869,-0.5291202450087824,2023-03-22_09-02-20_8bit.png,2
703.0,320.0,0.6249999999999999,45.538899629450626,-8.694812308683744,0.767746769441973,-0.21173291875523548,2023-03-22_09-02-20_8bit.png,2
700.0,300.0,0.6249999999999999,45.109223457386825,-5.830304494925085,0.7605027978991289,-0.14197746243577464,2023-03-22_09-02-20_8bit.png,2
692.0,222.0,0.6249999999999999,43.96342033188336,5.341275978733688,0.7411855404515445,0.1300688172101227,2023-03-22_09-02-20_8bit.png,2
666.0,314.0,0.6249999999999999,40.239560173997106,-7.835459964556147,0.6784044537468955,-0.19080628185939724,2023-03-22_09-02-20_8bit.png,2
638.0,212.0,0.6249999999999999,36.22924923473498,6.773529885613018,0.6107940526803504,0.16494654536985312,2023-03-22_09-02-20_8bit.png,2
605.0,388.0,0.6249999999999999,31.50281134203319,-18.43413887546319,0.531110365709065,-0.4489014702414025,2023-03-22_09-02-20_8bit.png,2
601.0,82.0,0.6249999999999999,30.92990977928146,25.392830675044305,0.5214517369852729,0.6183570114463486,2023-03-22_09-02-20_8bit.png,2
581.0,328.0,0.6249999999999999,28.0654019655228,-9.840615434187209,0.47315859336631205,-0.23963510128301982,2023-03-22_09-02-20_8bit.png,2
564.0,73.0,0.6249999999999999,25.63057032382794,26.681859191235702,0.4321094212901954,0.649746966790106,2023-03-22_09-02-20_8bit.png,2
551.0,104.0,0.6249999999999999,23.76864024488481,22.24187207990978,0.40071887793787087,0.5416260094949417,2023-03-22_09-02-20_8bit.png,2
542.0,306.0,0.6249999999999999,22.479611728693413,-6.689656839052683,0.3789869633093385,-0.16290409933161287,2023-03-22_09-02-20_8bit.png,2
509.0,308.0,0.6249999999999999,17.753173835991625,-6.976107620428548,0.2993032763380532,-0.16987964496355895,2023-03-22_09-02-20_8bit.png,2
455.0,218.0,0.6249999999999999,10.019002738843241,5.9141775414854205,0.168911788566859,0.14401990847401488,2023-03-22_09-02-20_8bit.png,2
448.0,138.0,0.6249999999999999,9.016425004027711,17.372208796520056,0.15200918830022273,0.4230417337518582,2023-03-22_09-02-20_8bit.png,2
448.0,54.0,0.6249999999999999,9.016425004027711,29.403141614306428,0.15200918830022273,0.7160146502935938,2023-03-22_09-02-20_8bit.png,2
444.0,480.0,0.6249999999999999,8.443523441275978,-31.610874818753025,0.14235055957643056,-0.7697765693109224,2023-03-22_09-02-20_8bit.png,2
428.0,490.0,0.6249999999999999,6.151917190269051,-33.04312872563236,0.10371604468126193,-0.8046542974706529,2023-03-22_09-02-20_8bit.png,2
408.0,44.0,0.6249999999999999,3.2874093765103916,30.83539552118576,0.05542290106230113,0.7508923784533242,2023-03-22_09-02-20_8bit.png,2
399.0,455.0,0.6249999999999999,1.9983808603189948,-28.0302400515547,0.03369098643376878,-0.6825822489115962,2023-03-22_09-02-20_8bit.png,2
376.0,87.0,0.6249999999999999,-1.2958031255034639,24.67670372160464,-0.021846128728036145,0.6009181473664834,2023-03-22_09-02-20_8bit.png,2
363.0,310.0,0.6249999999999999,-3.1577332044465924,-7.262558401804414,-0.05323667208036066,-0.17685519059550503,2023-03-22_09-02-20_8bit.png,2
334.0,248.0,0.6249999999999999,-7.31126953439665,1.6174158208474303,-0.12326173032785383,0.03938672399482358,2023-03-22_09-02-20_8bit.png,2
334.0,65.0,0.6249999999999999,-7.31126953439665,27.827662316739165,-0.12326173032785383,0.6776491493178903,2023-03-22_09-02-20_8bit.png,2
329.0,168.0,0.6249999999999999,-8.027396487836315,13.07544707588207,-0.13533501623259403,0.318408549272667,2023-03-22_09-02-20_8bit.png,2
328.0,51.0,0.6249999999999999,-8.170621878524248,29.832817786370228,-0.13774967341354208,0.7264779687415129,2023-03-22_09-02-20_8bit.png,2
327.0,383.0,0.6249999999999999,-8.31384726921218,-17.718011922023525,-0.1401643305944901,-0.4314626061615372,2023-03-22_09-02-20_8bit.png,2
303.0,102.0,0.6249999999999999,-11.751256645722572,22.528322861285645,-0.19811610293724308,0.5486015551268878,2023-03-22_09-02-20_8bit.png,2
296.0,465.0,0.6249999999999999,-12.753834380538104,-29.462493958434028,-0.21501870320387936,-0.7174599770713267,2023-03-22_09-02-20_8bit.png,2
263.0,389.0,0.6249999999999999,-17.48027227323989,-18.577364266151122,-0.29470239017516464,-0.45238924305737543,2023-03-22_09-02-20_8bit.png,2
239.0,60.0,0.6249999999999999,-20.917681649750282,28.54378927017883,-0.3526541625179176,0.6950880133977556,2023-03-22_09-02-20_8bit.png,2
232.0,131.0,0.6249999999999999,-21.920259384565814,18.374786531335587,-0.3695567627845539,0.4474561434636695,2023-03-22_09-02-20_8bit.png,2
228.0,40.0,0.6249999999999999,-22.493160947317545,31.40829708393749,-0.37921539150834604,0.7648434697172164,2023-03-22_09-02-20_8bit.png,2
218.0,486.0,0.6249999999999999,-23.925414854196873,-32.47022716288062,-0.4033619633178264,-0.7907032062067605,2023-03-22_09-02-20_8bit.png,2
179.0,275.0,0.6249999999999999,-29.511205091026262,-2.2496697277267605,-0.4975335933748,-0.05478314203644857,2023-03-22_09-02-20_8bit.png,2
164.0,502.0,0.6249999999999999,-31.659585951345257,-34.76183341388755,-0.5337534510890206,-0.8465075712623293,2023-03-22_09-02-20_8bit.png,2
149.0,437.0,0.6249999999999999,-33.80796681166425,-25.452183019171905,-0.5699733088032412,-0.6198023382240815,2023-03-22_09-02-20_8bit.png,2
133.0,67.0,0.6249999999999999,-36.099573062671176,27.5412115353633,-0.6086078236984098,0.6706736036859442,2023-03-22_09-02-20_8bit.png,2
115.0,66.0,0.6249999999999999,-38.67763009505397,27.684436926051234,-0.6520716529554745,0.6741613765019173,2023-03-22_09-02-20_8bit.png,2
103.0,103.0,0.6249999999999999,-40.396334783309165,22.385097470597714,-0.681047539126851,0.5451137823109148,2023-03-22_09-02-20_8bit.png,2
102.0,123.0,0.6249999999999999,-40.5395601739971,19.520589656839054,-0.6834621963077991,0.4753583259914539,2023-03-22_09-02-20_8bit.png,2
101.0,203.0,0.6249999999999999,-40.682785564685034,8.062558401804415,-0.6858768534887472,0.1963365007136105,2023-03-22_09-02-20_8bit.png,2
90.0,183.0,0.6249999999999999,-42.2582648622523,10.927066215563075,-0.7124380824791755,0.26609195703307137,2023-03-22_09-02-20_8bit.png,2
50.0,170.0,0.6249999999999999,-47.98728048976962,12.788996294506203,-0.8090243697170971,0.3114330036407209,2023-03-22_09-02-20_8bit.png,2
759.0,239.0,0.5833333333333333,53.55952150797487,2.906444337038827,0.9029675715750632,0.07077667933858096,2023-03-22_09-02-20_8bit.png,2
749.0,197.0,0.5833333333333333,52.12726760109554,8.921910745932013,0.8788209997655828,0.21726313760944876,2023-03-22_09-02-20_8bit.png,2
741.0,60.0,0.5833333333333333,50.98146447559208,28.54378927017883,0.8595037423179984,0.6950880133977556,2023-03-22_09-02-20_8bit.png,2
714.0,194.0,0.5833333333333333,47.11437892701789,9.351586917995812,0.7943079984324014,0.22772645605736788,2023-03-22_09-02-20_8bit.png,2
710.0,176.0,0.5833333333333333,46.54147736426616,11.929643950378606,0.7846493697086093,0.29050636674488267,2023-03-22_09-02-20_8bit.png,2
